Employee_ID,Employee_Name,Dealer_ID,Department,Designation,Experience_Years,Monthly_Target,Salary,Joining_Date
EMP0001,Dev Chowdhury,DLR001,Sales,Senior Sales Consultant,12,20,55155,2012-12-21
EMP0002,Vikram Chowdhury,DLR001,Sales,Sales Executive,1,9,27847,2021-01-03
EMP0003,Dev Das,DLR001,Service,Service Advisor,7,54,27408,2013-10-23
EMP0004,Karthik Gupta,DLR002,Sales,Senior Sales Consultant,6,21,55457,2025-02-16
EMP0005,Vivek Kulkarni,DLR002,Sales,Sales Executive,5,17,24831,2022-03-05
EMP0006,Manoj Singh,DLR002,Service,Service Advisor,8,48,43066,2016-10-27
EMP0007,Rajesh Deshmukh,DLR003,Sales,Senior Sales Consultant,9,24,48065,2021-04-30
EMP0008,Vivek Deshmukh,DLR003,Sales,Sales Executive,3,13,26132,2015-06-04
EMP0009,Ramesh Gupta,DLR003,Service,Service Advisor,2,48,28054,2021-09-07
EMP0010,Ashok Pandey,DLR004,Sales,Senior Sales Consultant,6,25,36965,2025-02-25
EMP0011,Lakshmi Iyer,DLR004,Sales,Sales Executive,1,15,25793,2021-06-26
EMP0012,Vaishnavi Verma,DLR004,Service,Service Advisor,4,51,36522,2014-04-28
EMP0013,Rahul Kumar,DLR005,Sales,Senior Sales Consultant,11,20,38546,2019-11-08
EMP0014,Sneha Singh,DLR005,Sales,Sales Executive,3,12,33225,2021-08-16
EMP0015,Preeti Gowda,DLR005,Service,Service Advisor,7,55,25860,2017-12-30
EMP0016,Sanjay Shah,DLR006,Sales,Senior Sales Consultant,8,22,46502,2012-02-20
EMP0017,Karthik Pillai,DLR006,Sales,Sales Executive,4,10,22324,2012-09-08
EMP0018,Rahul Kulkarni,DLR006,Service,Service Advisor,5,54,36170,2015-07-13
EMP0019,Vivek Mishra,DLR007,Sales,Senior Sales Consultant,5,17,40098,2015-07-13
EMP0020,Anita Mehta,DLR007,Sales,Sales Executive,1,13,27259,2021-07-05
EMP0021,Naveen Deshmukh,DLR007,Service,Service Advisor,4,50,41788,2014-07-21
EMP0022,Ganesh Menon,DLR008,Sales,Senior Sales Consultant,11,25,56860,2018-12-01
EMP0023,Harish Gowda,DLR008,Sales,Sales Executive,1,9,23349,2018-10-05
EMP0024,Kavya Mishra,DLR008,Service,Service Advisor,4,51,35751,2014-09-09
EMP0025,Manoj Patel,DLR009,Sales,Senior Sales Consultant,6,23,52451,2017-02-28
EMP0026,Abhishek Gupta,DLR009,Sales,Sales Executive,4,9,27147,2012-06-02
EMP0027,Arjun Iyer,DLR009,Service,Service Advisor,6,53,43789,2021-01-26
EMP0028,Lokesh Menon,DLR010,Sales,Senior Sales Consultant,5,23,35683,2019-04-14
EMP0029,Prakash Shah,DLR010,Sales,Sales Executive,3,10,27155,2014-05-17
EMP0030,Harish Banerjee,DLR010,Service,Service Advisor,2,53,35167,2019-08-13
EMP0031,Manish Gupta,DLR011,Sales,Senior Sales Consultant,12,18,52386,2023-06-09
EMP0032,Abhishek Joshi,DLR011,Sales,Sales Executive,2,12,21684,2015-04-14
EMP0033,Nikhil Gowda,DLR011,Service,Service Advisor,3,48,30804,2023-01-30
EMP0034,Naveen Mehta,DLR012,Sales,Senior Sales Consultant,9,22,39946,2021-11-11
EMP0035,Naveen Shetty,DLR012,Sales,Sales Executive,3,13,29689,2013-04-05
EMP0036,Arjun Menon,DLR012,Service,Service Advisor,5,54,26232,2013-04-11
EMP0037,Siddharth Gupta,DLR013,Sales,Senior Sales Consultant,5,25,47598,2022-05-18
EMP0038,Amit Chowdhury,DLR013,Sales,Sales Executive,5,12,25267,2022-09-01
EMP0039,Anand Chowdhury,DLR013,Service,Service Advisor,2,52,27763,2023-04-26
EMP0040,Amit Rao,DLR014,Sales,Senior Sales Consultant,11,24,52172,2023-09-22
EMP0041,Ashok Joshi,DLR014,Sales,Sales Executive,3,15,26697,2019-08-03
EMP0042,Anand Pandey,DLR014,Service,Service Advisor,7,52,27159,2019-05-24
EMP0043,Dinesh Menon,DLR015,Sales,Senior Sales Consultant,8,19,45923,2013-10-29
EMP0044,Karthik Joshi,DLR015,Sales,Sales Executive,3,15,22112,2025-05-06
EMP0045,Deepak Menon,DLR015,Service,Service Advisor,6,53,35763,2014-11-12
EMP0046,Deepak Shetty,DLR016,Sales,Senior Sales Consultant,10,25,46856,2012-05-29
EMP0047,Nikhil Reddy,DLR016,Sales,Sales Executive,3,16,23145,2017-01-29
EMP0048,Kavya Gupta,DLR016,Service,Service Advisor,4,48,41635,2024-02-08
EMP0049,Deepika Verma,DLR017,Sales,Senior Sales Consultant,9,19,54570,2020-06-13
EMP0050,Nikhil Shah,DLR017,Sales,Sales Executive,5,11,31815,2021-10-25
EMP0051,Ashok Mehta,DLR017,Service,Service Advisor,7,50,39555,2018-05-23
EMP0052,Pooja Rao,DLR018,Sales,Senior Sales Consultant,12,20,45140,2022-07-09
EMP0053,Neha Joshi,DLR018,Sales,Sales Executive,5,16,27564,2018-04-27
EMP0054,Deepika Banerjee,DLR018,Service,Service Advisor,5,49,31543,2015-02-07
EMP0055,Anita Shetty,DLR019,Sales,Senior Sales Consultant,11,22,53171,2014-04-20
EMP0056,Ganesh Menon,DLR019,Sales,Sales Executive,1,11,24469,2022-01-28
EMP0057,Kavya Deshmukh,DLR019,Service,Service Advisor,2,50,39782,2019-11-03
EMP0058,Tanvi Verma,DLR020,Sales,Senior Sales Consultant,10,25,47253,2017-04-15
EMP0059,Deepak Joshi,DLR020,Sales,Sales Executive,2,9,25221,2014-03-22
EMP0060,Radhika Iyer,DLR020,Service,Service Advisor,8,49,29508,2012-11-09
EMP0061,Ramesh Shah,DLR021,Sales,Senior Sales Consultant,6,24,49699,2012-02-13
EMP0062,Ananya Nair,DLR021,Sales,Sales Executive,2,11,28991,2023-11-02
EMP0063,Siddharth Rao,DLR021,Service,Service Advisor,4,48,26564,2017-05-07
EMP0064,Prakash Gupta,DLR022,Sales,Senior Sales Consultant,5,24,54553,2024-01-09
EMP0065,Vijay Pillai,DLR022,Sales,Sales Executive,2,11,24772,2021-08-17
EMP0066,Abhishek Rao,DLR022,Service,Service Advisor,6,53,31137,2013-12-02
EMP0067,Ashok Gupta,DLR023,Sales,Senior Sales Consultant,12,25,51624,2023-05-21
EMP0068,Dinesh Das,DLR023,Sales,Sales Executive,1,15,26116,2017-09-08
EMP0069,Abhishek Pandey,DLR023,Service,Service Advisor,2,52,32901,2014-04-29
EMP0070,Vaishnavi Mishra,DLR024,Sales,Senior Sales Consultant,9,19,36452,2019-11-26
EMP0071,Nikhil Mishra,DLR024,Sales,Sales Executive,4,16,30350,2016-02-02
EMP0072,Divya Shah,DLR024,Service,Service Advisor,8,54,26211,2018-07-31
EMP0073,Pranav Verma,DLR025,Sales,Senior Sales Consultant,9,21,51888,2020-12-06
EMP0074,Lakshmi Das,DLR025,Sales,Sales Executive,3,9,32341,2016-04-14
EMP0075,Anand Shetty,DLR025,Service,Service Advisor,4,51,29078,2020-04-02
EMP0076,Harish Agarwal,DLR026,Sales,Senior Sales Consultant,11,23,46109,2016-03-10
EMP0077,Suresh Joshi,DLR026,Sales,Sales Executive,5,13,33126,2013-11-07
EMP0078,Deepak Deshmukh,DLR026,Service,Service Advisor,6,49,42874,2018-08-03
EMP0079,Deepak Iyer,DLR027,Sales,Senior Sales Consultant,8,21,49611,2021-07-22
EMP0080,Naveen Joshi,DLR027,Sales,Sales Executive,4,9,31908,2019-11-28
EMP0081,Manoj Nair,DLR027,Service,Service Advisor,7,47,27458,2021-02-09
EMP0082,Manish Sharma,DLR028,Sales,Senior Sales Consultant,6,24,36140,2014-10-31
EMP0083,Ashok Joshi,DLR028,Sales,Sales Executive,4,9,29913,2015-06-10
EMP0084,Ashok Joshi,DLR028,Service,Service Advisor,5,48,43806,2015-02-01
EMP0085,Harish Iyer,DLR029,Sales,Senior Sales Consultant,8,20,38717,2012-07-31
EMP0086,Suresh Banerjee,DLR029,Sales,Sales Executive,4,17,21929,2017-11-14
EMP0087,Sunita Chowdhury,DLR029,Service,Service Advisor,3,51,41095,2016-06-27
EMP0088,Arjun Chowdhury,DLR030,Sales,Senior Sales Consultant,6,24,37876,2019-03-03
EMP0089,Arjun Bhat,DLR030,Sales,Sales Executive,5,13,34603,2018-09-23
EMP0090,Sunita Shah,DLR030,Service,Service Advisor,7,49,36845,2023-05-30
EMP0091,Pranav Pandey,DLR031,Sales,Senior Sales Consultant,6,20,51188,2012-08-03
EMP0092,Ashok Chowdhury,DLR031,Sales,Sales Executive,5,11,30026,2013-12-07
EMP0093,Harish Shah,DLR031,Service,Service Advisor,7,54,42225,2021-03-19
EMP0094,Nidhi Gupta,DLR032,Sales,Senior Sales Consultant,6,22,56048,2013-08-30
EMP0095,Abhishek Kumar,DLR032,Sales,Sales Executive,5,11,32579,2014-11-23
EMP0096,Anand Singh,DLR032,Service,Service Advisor,6,49,34965,2015-09-10
EMP0097,Rajesh Joshi,DLR033,Sales,Senior Sales Consultant,12,21,37584,2017-08-14
EMP0098,Sanjay Kumar,DLR033,Sales,Sales Executive,3,17,21530,2023-04-10
EMP0099,Karthik Patel,DLR033,Service,Service Advisor,7,52,43468,2012-12-03
EMP0100,Ananya Gupta,DLR034,Sales,Senior Sales Consultant,4,21,56336,2016-09-22
EMP0101,Tanvi Gowda,DLR034,Sales,Sales Executive,1,16,34565,2024-03-27
EMP0102,Vikram Das,DLR034,Service,Service Advisor,3,53,34746,2022-03-04
EMP0103,Anand Patel,DLR035,Sales,Senior Sales Consultant,11,23,50867,2022-06-01
EMP0104,Karthik Iyer,DLR035,Sales,Sales Executive,3,14,26532,2014-12-07
EMP0105,Deepika Bhat,DLR035,Service,Service Advisor,2,52,32921,2022-06-18
EMP0106,Naveen Rao,DLR036,Sales,Senior Sales Consultant,6,18,36658,2018-07-05
EMP0107,Preeti Deshmukh,DLR036,Sales,Sales Executive,2,11,33328,2019-05-06
EMP0108,Vaishnavi Iyer,DLR036,Service,Service Advisor,3,49,41327,2023-07-18
EMP0109,Vikram Das,DLR037,Sales,Senior Sales Consultant,4,18,47885,2023-05-03
EMP0110,Rohan Reddy,DLR037,Sales,Sales Executive,5,14,20797,2013-02-18
EMP0111,Ramesh Menon,DLR037,Service,Service Advisor,6,47,28522,2021-08-31
EMP0112,Sachin Agarwal,DLR038,Sales,Senior Sales Consultant,9,23,46991,2013-01-05
EMP0113,Pranav Joshi,DLR038,Sales,Sales Executive,5,13,21204,2020-08-30
EMP0114,Sanjay Gowda,DLR038,Service,Service Advisor,7,48,29216,2014-03-03
EMP0115,Yash Bhat,DLR039,Sales,Senior Sales Consultant,9,19,41522,2023-06-02
EMP0116,Amit Verma,DLR039,Sales,Sales Executive,1,11,31691,2019-06-21
EMP0117,Deepika Chowdhury,DLR039,Service,Service Advisor,3,55,29580,2019-05-10
EMP0118,Riya Patel,DLR040,Sales,Senior Sales Consultant,10,21,54455,2019-07-18
EMP0119,Vijay Bhat,DLR040,Sales,Sales Executive,4,13,27780,2012-05-16
EMP0120,Ganesh Deshmukh,DLR040,Service,Service Advisor,6,51,25873,2025-05-21
EMP0121,Rajesh Agarwal,DLR041,Sales,Senior Sales Consultant,4,24,40587,2023-10-04
EMP0122,Dinesh Kumar,DLR041,Sales,Sales Executive,2,9,29380,2014-06-19
EMP0123,Naveen Iyer,DLR041,Service,Service Advisor,5,49,38531,2016-07-28
EMP0124,Ramesh Agarwal,DLR042,Sales,Senior Sales Consultant,4,19,51996,2016-08-25
EMP0125,Ramesh Banerjee,DLR042,Sales,Sales Executive,4,14,22837,2022-04-23
EMP0126,Riya Bhat,DLR042,Service,Service Advisor,4,51,44990,2022-11-10
EMP0127,Rohan Nair,DLR043,Sales,Senior Sales Consultant,12,21,42368,2018-09-04
EMP0128,Sunita Reddy,DLR043,Sales,Sales Executive,4,14,27861,2019-10-28
EMP0129,Sanjay Menon,DLR043,Service,Service Advisor,2,55,37441,2020-11-06
EMP0130,Kavya Menon,DLR044,Sales,Senior Sales Consultant,4,21,58400,2013-10-09
EMP0131,Naveen Shetty,DLR044,Sales,Sales Executive,3,16,23505,2016-07-13
EMP0132,Priya Bhat,DLR044,Service,Service Advisor,7,51,29498,2014-06-13
EMP0133,Rohan Rao,DLR045,Sales,Senior Sales Consultant,4,25,42394,2017-03-22
EMP0134,Lokesh Iyer,DLR045,Sales,Sales Executive,4,10,31160,2015-01-31
EMP0135,Manish Deshmukh,DLR045,Service,Service Advisor,7,54,40645,2016-06-21
EMP0136,Ritu Iyer,DLR046,Sales,Senior Sales Consultant,8,17,37931,2024-11-16
EMP0137,Amit Patel,DLR046,Sales,Sales Executive,4,11,20595,2020-11-26
EMP0138,Meera Agarwal,DLR046,Service,Service Advisor,8,51,26227,2012-03-16
EMP0139,Dev Iyer,DLR047,Sales,Senior Sales Consultant,8,24,56014,2024-03-08
EMP0140,Karan Banerjee,DLR047,Sales,Sales Executive,4,13,23159,2014-07-11
EMP0141,Prakash Shetty,DLR047,Service,Service Advisor,4,49,25461,2019-07-24
EMP0142,Nidhi Mehta,DLR048,Sales,Senior Sales Consultant,7,19,55019,2021-02-03
EMP0143,Deepika Iyer,DLR048,Sales,Sales Executive,1,15,30965,2014-02-20
EMP0144,Karan Das,DLR048,Service,Service Advisor,4,50,25223,2017-11-06
EMP0145,Naveen Mishra,DLR049,Sales,Senior Sales Consultant,8,22,44894,2025-01-23
EMP0146,Aarav Nair,DLR049,Sales,Sales Executive,3,12,21017,2014-08-26
EMP0147,Manish Kulkarni,DLR049,Service,Service Advisor,7,55,35190,2014-08-19
EMP0148,Siddharth Joshi,DLR050,Sales,Senior Sales Consultant,7,20,39376,2022-09-22
EMP0149,Ashok Deshmukh,DLR050,Sales,Sales Executive,5,16,32408,2024-01-21
EMP0150,Neha Mishra,DLR050,Service,Service Advisor,3,48,42219,2022-01-07
EMP0151,Ashok Gupta,DLR051,Sales,Senior Sales Consultant,5,17,52945,2023-05-03
EMP0152,Karthik Patel,DLR051,Sales,Sales Executive,3,17,27239,2014-08-10
EMP0153,Suresh Gupta,DLR051,Service,Service Advisor,6,54,26823,2022-03-03
EMP0154,Lokesh Chowdhury,DLR052,Sales,Senior Sales Consultant,4,25,50151,2018-11-29
EMP0155,Harish Nair,DLR052,Sales,Sales Executive,1,12,29475,2013-08-21
EMP0156,Abhishek Shah,DLR052,Service,Service Advisor,2,55,26974,2013-07-19
EMP0157,Aishwarya Verma,DLR053,Sales,Senior Sales Consultant,8,23,40897,2015-01-14
EMP0158,Vaishnavi Shetty,DLR053,Sales,Sales Executive,4,14,34603,2020-07-30
EMP0159,Dinesh Kulkarni,DLR053,Service,Service Advisor,2,55,29357,2019-10-19
EMP0160,Harish Banerjee,DLR054,Sales,Senior Sales Consultant,6,20,35113,2012-07-05
EMP0161,Pooja Mehta,DLR054,Sales,Sales Executive,5,15,28715,2020-07-04
EMP0162,Pooja Chowdhury,DLR054,Service,Service Advisor,4,49,34032,2016-03-24
EMP0163,Vaishnavi Mishra,DLR055,Sales,Senior Sales Consultant,5,17,56633,2021-05-27
EMP0164,Aditya Rao,DLR055,Sales,Sales Executive,2,10,21653,2025-04-27
EMP0165,Anand Rao,DLR055,Service,Service Advisor,7,47,38181,2021-11-04
EMP0166,Rahul Mishra,DLR056,Sales,Senior Sales Consultant,4,19,51511,2018-06-27
EMP0167,Vivek Pillai,DLR056,Sales,Sales Executive,5,14,23881,2018-10-08
EMP0168,Shreya Banerjee,DLR056,Service,Service Advisor,3,53,34846,2018-03-04
EMP0169,Nikhil Shetty,DLR057,Sales,Senior Sales Consultant,10,25,51240,2013-01-19
EMP0170,Radhika Mehta,DLR057,Sales,Sales Executive,4,17,25222,2021-05-03
EMP0171,Vikram Kulkarni,DLR057,Service,Service Advisor,3,55,40516,2017-05-28
EMP0172,Ritu Shah,DLR058,Sales,Senior Sales Consultant,6,24,36888,2024-08-12
EMP0173,Lokesh Bhat,DLR058,Sales,Sales Executive,5,11,26363,2017-06-12
EMP0174,Yash Shetty,DLR058,Service,Service Advisor,2,54,37159,2014-01-27
EMP0175,Pranav Verma,DLR059,Sales,Senior Sales Consultant,8,23,57074,2012-11-19
EMP0176,Neha Pandey,DLR059,Sales,Sales Executive,5,17,23555,2022-10-02
EMP0177,Yash Menon,DLR059,Service,Service Advisor,2,50,31226,2014-08-19
EMP0178,Ramesh Rao,DLR060,Sales,Senior Sales Consultant,7,23,42842,2024-05-19
EMP0179,Siddharth Kulkarni,DLR060,Sales,Sales Executive,4,17,30628,2020-01-22
EMP0180,Ashok Banerjee,DLR060,Service,Service Advisor,5,54,28231,2022-07-13
EMP0181,Riya Reddy,DLR061,Sales,Senior Sales Consultant,9,22,48563,2013-01-09
EMP0182,Rajesh Agarwal,DLR061,Sales,Sales Executive,2,9,24272,2024-05-29
EMP0183,Nidhi Agarwal,DLR061,Service,Service Advisor,5,51,29994,2016-05-26
EMP0184,Dinesh Pillai,DLR062,Sales,Senior Sales Consultant,7,24,53043,2019-07-28
EMP0185,Suresh Agarwal,DLR062,Sales,Sales Executive,4,16,22756,2019-11-25
EMP0186,Suresh Patel,DLR062,Service,Service Advisor,6,47,42168,2012-10-04
EMP0187,Divya Mehta,DLR063,Sales,Senior Sales Consultant,4,17,48513,2015-01-31
EMP0188,Pooja Gupta,DLR063,Sales,Sales Executive,2,9,23583,2023-05-05
EMP0189,Anand Gowda,DLR063,Service,Service Advisor,7,54,40986,2012-05-08
EMP0190,Lokesh Sharma,DLR064,Sales,Senior Sales Consultant,4,25,58664,2018-02-28
EMP0191,Siddharth Sharma,DLR064,Sales,Sales Executive,5,15,33208,2016-01-08
EMP0192,Dev Banerjee,DLR064,Service,Service Advisor,3,50,31289,2023-10-22
EMP0193,Abhishek Nair,DLR065,Sales,Senior Sales Consultant,10,18,47224,2021-02-08
EMP0194,Rohan Shah,DLR065,Sales,Sales Executive,2,13,31207,2013-10-22
EMP0195,Amit Gupta,DLR065,Service,Service Advisor,5,53,37359,2024-05-24
EMP0196,Aarav Shah,DLR066,Sales,Senior Sales Consultant,6,18,51379,2021-09-24
EMP0197,Yash Pillai,DLR066,Sales,Sales Executive,1,17,20697,2017-02-25
EMP0198,Ramesh Nair,DLR066,Service,Service Advisor,2,48,34187,2024-03-06
EMP0199,Amit Patel,DLR067,Sales,Senior Sales Consultant,9,17,41788,2025-03-01
EMP0200,Harish Gupta,DLR067,Sales,Sales Executive,3,11,29239,2017-05-23
EMP0201,Dinesh Mehta,DLR067,Service,Service Advisor,6,52,37577,2015-02-20
EMP0202,Sunita Agarwal,DLR068,Sales,Senior Sales Consultant,5,25,59427,2019-10-04
EMP0203,Manoj Rao,DLR068,Sales,Sales Executive,1,14,29915,2025-05-11
EMP0204,Vivek Sharma,DLR068,Service,Service Advisor,7,51,39763,2023-01-02
EMP0205,Dinesh Deshmukh,DLR069,Sales,Senior Sales Consultant,6,23,37808,2018-08-16
EMP0206,Sunita Gupta,DLR069,Sales,Sales Executive,1,13,22526,2020-07-09
EMP0207,Karthik Agarwal,DLR069,Service,Service Advisor,5,52,36819,2014-05-22
EMP0208,Vikram Chowdhury,DLR070,Sales,Senior Sales Consultant,9,21,38349,2014-12-21
EMP0209,Manoj Chowdhury,DLR070,Sales,Sales Executive,5,17,28395,2021-02-24
EMP0210,Deepak Joshi,DLR070,Service,Service Advisor,6,48,44560,2025-05-31
EMP0211,Swati Sharma,DLR071,Sales,Senior Sales Consultant,8,23,47707,2013-11-24
EMP0212,Rohan Pillai,DLR071,Sales,Sales Executive,5,11,31228,2020-07-15
EMP0213,Sanjay Menon,DLR071,Service,Service Advisor,4,54,29781,2013-06-02
EMP0214,Sanjay Deshmukh,DLR072,Sales,Senior Sales Consultant,8,24,37520,2020-02-06
EMP0215,Rohan Agarwal,DLR072,Sales,Sales Executive,4,12,27501,2014-05-26
EMP0216,Aarav Kulkarni,DLR072,Service,Service Advisor,4,53,35798,2021-11-15
EMP0217,Karan Menon,DLR073,Sales,Senior Sales Consultant,9,20,50696,2019-01-17
EMP0218,Harish Iyer,DLR073,Sales,Sales Executive,3,16,29435,2017-06-08
EMP0219,Sanjay Pandey,DLR073,Service,Service Advisor,5,52,28731,2024-08-24
EMP0220,Nikhil Mehta,DLR074,Sales,Senior Sales Consultant,12,17,58829,2022-05-09
EMP0221,Neha Chowdhury,DLR074,Sales,Sales Executive,3,10,33417,2021-03-05
EMP0222,Karan Shetty,DLR074,Service,Service Advisor,4,50,33279,2015-06-16
EMP0223,Dinesh Gupta,DLR075,Sales,Senior Sales Consultant,11,24,54078,2020-12-27
EMP0224,Lokesh Bhat,DLR075,Sales,Sales Executive,1,14,31495,2024-01-16
EMP0225,Deepak Singh,DLR075,Service,Service Advisor,8,50,36632,2015-09-24
EMP0226,Amit Pillai,DLR076,Sales,Senior Sales Consultant,10,22,49105,2014-05-17
EMP0227,Sachin Rao,DLR076,Sales,Sales Executive,5,17,29142,2025-01-07
EMP0228,Rajesh Chowdhury,DLR076,Service,Service Advisor,4,53,40173,2025-03-14
EMP0229,Karthik Joshi,DLR077,Sales,Senior Sales Consultant,4,24,38425,2018-08-17
EMP0230,Deepak Singh,DLR077,Sales,Sales Executive,2,14,25110,2019-09-11
EMP0231,Rahul Banerjee,DLR077,Service,Service Advisor,5,52,40602,2014-03-10
EMP0232,Naveen Iyer,DLR078,Sales,Senior Sales Consultant,5,21,36464,2014-07-31
EMP0233,Yash Shetty,DLR078,Sales,Sales Executive,1,11,32132,2017-06-21
EMP0234,Manish Iyer,DLR078,Service,Service Advisor,6,53,40140,2017-03-14
EMP0235,Radhika Patel,DLR079,Sales,Senior Sales Consultant,6,23,47962,2012-08-27
EMP0236,Pranav Chowdhury,DLR079,Sales,Sales Executive,5,15,26370,2012-02-06
EMP0237,Rahul Nair,DLR079,Service,Service Advisor,8,48,43918,2014-04-13
EMP0238,Lakshmi Patel,DLR080,Sales,Senior Sales Consultant,9,22,41457,2022-04-06
EMP0239,Suresh Banerjee,DLR080,Sales,Sales Executive,3,15,30015,2020-10-20
EMP0240,Abhishek Joshi,DLR080,Service,Service Advisor,8,54,30653,2018-09-02
EMP0241,Nidhi Gupta,DLR081,Sales,Senior Sales Consultant,6,22,38862,2017-05-08
EMP0242,Nikhil Joshi,DLR081,Sales,Sales Executive,2,17,26364,2021-05-19
EMP0243,Dinesh Deshmukh,DLR081,Service,Service Advisor,3,54,42608,2015-11-20
EMP0244,Suresh Menon,DLR082,Sales,Senior Sales Consultant,6,19,45308,2022-02-11
EMP0245,Abhishek Sharma,DLR082,Sales,Sales Executive,4,11,23196,2020-08-11
EMP0246,Deepika Shetty,DLR082,Service,Service Advisor,5,53,41112,2021-04-27
EMP0247,Naveen Das,DLR083,Sales,Senior Sales Consultant,6,18,53526,2012-09-09
EMP0248,Pooja Menon,DLR083,Sales,Sales Executive,1,13,23683,2024-01-22
EMP0249,Prakash Pillai,DLR083,Service,Service Advisor,7,54,43013,2023-06-16
EMP0250,Ganesh Nair,DLR084,Sales,Senior Sales Consultant,12,22,52761,2012-12-06
EMP0251,Pooja Bhat,DLR084,Sales,Sales Executive,2,15,21677,2017-07-20
EMP0252,Amit Chowdhury,DLR084,Service,Service Advisor,4,52,27850,2021-11-05
EMP0253,Isha Mishra,DLR085,Sales,Senior Sales Consultant,7,20,59170,2025-03-09
EMP0254,Manoj Patel,DLR085,Sales,Sales Executive,5,11,32858,2016-08-19
EMP0255,Anita Pillai,DLR085,Service,Service Advisor,4,55,34210,2025-05-21
EMP0256,Vivek Shah,DLR086,Sales,Senior Sales Consultant,8,21,53767,2017-12-30
EMP0257,Deepika Mehta,DLR086,Sales,Sales Executive,1,11,32289,2021-03-25
EMP0258,Priya Shetty,DLR086,Service,Service Advisor,3,49,33181,2015-04-13
EMP0259,Rohan Mishra,DLR087,Sales,Senior Sales Consultant,10,24,39658,2024-12-13
EMP0260,Lokesh Kulkarni,DLR087,Sales,Sales Executive,4,10,30381,2014-02-01
EMP0261,Sanjay Shah,DLR087,Service,Service Advisor,4,54,40992,2019-05-05
EMP0262,Deepak Agarwal,DLR088,Sales,Senior Sales Consultant,11,22,37075,2023-12-27
EMP0263,Manoj Reddy,DLR088,Sales,Sales Executive,4,13,25289,2018-05-12
EMP0264,Karan Pillai,DLR088,Service,Service Advisor,8,54,36263,2013-01-31
EMP0265,Prakash Sharma,DLR089,Sales,Senior Sales Consultant,5,19,49460,2022-03-28
EMP0266,Manoj Reddy,DLR089,Sales,Sales Executive,2,13,22604,2018-02-22
EMP0267,Ashok Nair,DLR089,Service,Service Advisor,2,52,30423,2013-02-28
EMP0268,Vikram Agarwal,DLR090,Sales,Senior Sales Consultant,7,23,56478,2014-01-17
EMP0269,Aarav Reddy,DLR090,Sales,Sales Executive,4,10,22174,2025-04-25
EMP0270,Naveen Sharma,DLR090,Service,Service Advisor,2,52,28951,2021-06-21
EMP0271,Ramesh Gupta,DLR091,Sales,Senior Sales Consultant,7,23,37927,2014-04-19
EMP0272,Ashok Menon,DLR091,Sales,Sales Executive,2,15,32672,2014-12-26
EMP0273,Karthik Gupta,DLR091,Service,Service Advisor,6,47,44998,2015-09-06
EMP0274,Rahul Shetty,DLR092,Sales,Senior Sales Consultant,6,23,55187,2021-12-03
EMP0275,Divya Singh,DLR092,Sales,Sales Executive,2,10,29659,2020-08-11
EMP0276,Manoj Iyer,DLR092,Service,Service Advisor,8,49,33119,2018-03-18
EMP0277,Rohan Bhat,DLR093,Sales,Senior Sales Consultant,8,17,56574,2018-10-07
EMP0278,Vijay Reddy,DLR093,Sales,Sales Executive,4,13,30586,2013-03-23
EMP0279,Pooja Das,DLR093,Service,Service Advisor,5,48,32899,2023-03-16
EMP0280,Arjun Banerjee,DLR094,Sales,Senior Sales Consultant,4,22,45370,2014-12-17
EMP0281,Lokesh Joshi,DLR094,Sales,Sales Executive,5,11,32496,2022-07-25
EMP0282,Divya Sharma,DLR094,Service,Service Advisor,6,48,25451,2017-11-17
EMP0283,Anand Pandey,DLR095,Sales,Senior Sales Consultant,10,25,44387,2023-03-28
EMP0284,Tanvi Shah,DLR095,Sales,Sales Executive,4,10,30494,2024-01-13
EMP0285,Karthik Nair,DLR095,Service,Service Advisor,2,51,27589,2023-06-20
EMP0286,Kavya Bhat,DLR096,Sales,Senior Sales Consultant,9,23,54216,2013-06-25
EMP0287,Manoj Agarwal,DLR096,Sales,Sales Executive,2,9,24005,2013-12-07
EMP0288,Isha Chowdhury,DLR096,Service,Service Advisor,6,47,35134,2015-12-09
EMP0289,Karan Shah,DLR097,Sales,Senior Sales Consultant,4,19,51266,2019-10-11
EMP0290,Sachin Patel,DLR097,Sales,Sales Executive,3,11,32284,2018-01-10
EMP0291,Ganesh Mishra,DLR097,Service,Service Advisor,2,52,39068,2018-02-06
EMP0292,Sachin Shah,DLR098,Sales,Senior Sales Consultant,5,24,49915,2023-06-16
EMP0293,Suresh Pillai,DLR098,Sales,Sales Executive,2,14,22577,2017-09-20
EMP0294,Nidhi Mehta,DLR098,Service,Service Advisor,7,48,32484,2023-05-31
EMP0295,Aarav Rao,DLR099,Sales,Senior Sales Consultant,4,24,46926,2020-08-03
EMP0296,Meera Verma,DLR099,Sales,Sales Executive,5,15,23678,2019-03-21
EMP0297,Vivek Nair,DLR099,Service,Service Advisor,8,48,43728,2020-05-12
EMP0298,Anand Patel,DLR100,Sales,Senior Sales Consultant,7,25,36504,2020-12-28
EMP0299,Prakash Menon,DLR100,Sales,Sales Executive,3,14,21415,2024-05-27
EMP0300,Ashok Reddy,DLR100,Service,Service Advisor,4,51,32948,2022-05-28
EMP0301,Suresh Mishra,DLR101,Sales,Senior Sales Consultant,7,25,59919,2017-07-01
EMP0302,Lokesh Sharma,DLR101,Sales,Sales Executive,2,17,25675,2012-03-19
EMP0303,Ananya Mishra,DLR101,Service,Service Advisor,7,53,35076,2014-05-01
EMP0304,Rohan Deshmukh,DLR102,Sales,Senior Sales Consultant,11,17,39665,2018-04-11
EMP0305,Rajesh Banerjee,DLR102,Sales,Sales Executive,4,14,27511,2013-11-26
EMP0306,Vijay Kumar,DLR102,Service,Service Advisor,7,53,27452,2025-04-10
EMP0307,Manoj Mehta,DLR103,Sales,Senior Sales Consultant,6,20,44557,2017-11-08
EMP0308,Swati Shah,DLR103,Sales,Sales Executive,3,14,27417,2018-02-05
EMP0309,Pranav Kumar,DLR103,Service,Service Advisor,8,48,30092,2014-05-15
EMP0310,Prakash Iyer,DLR104,Sales,Senior Sales Consultant,10,18,52561,2020-01-14
EMP0311,Neha Chowdhury,DLR104,Sales,Sales Executive,3,16,24341,2014-09-09
EMP0312,Vikram Shah,DLR104,Service,Service Advisor,7,47,32045,2019-05-09
EMP0313,Rohan Joshi,DLR105,Sales,Senior Sales Consultant,10,25,36604,2018-09-14
EMP0314,Nikhil Sharma,DLR105,Sales,Sales Executive,4,16,29108,2024-05-03
EMP0315,Prakash Singh,DLR105,Service,Service Advisor,8,49,28979,2012-04-07
EMP0316,Rajesh Kumar,DLR106,Sales,Senior Sales Consultant,7,23,47197,2013-11-19
EMP0317,Sachin Gupta,DLR106,Sales,Sales Executive,1,10,23239,2021-12-11
EMP0318,Divya Pandey,DLR106,Service,Service Advisor,4,48,26399,2022-05-04
EMP0319,Manoj Agarwal,DLR107,Sales,Senior Sales Consultant,10,24,35966,2020-08-01
EMP0320,Nikhil Joshi,DLR107,Sales,Sales Executive,2,11,24505,2018-04-11
EMP0321,Karthik Verma,DLR107,Service,Service Advisor,6,50,34670,2023-03-10
EMP0322,Ramesh Verma,DLR108,Sales,Senior Sales Consultant,5,21,47550,2015-01-29
EMP0323,Rohan Shetty,DLR108,Sales,Sales Executive,5,9,26266,2020-01-20
EMP0324,Suresh Joshi,DLR108,Service,Service Advisor,6,55,35538,2020-09-16
EMP0325,Aditya Iyer,DLR109,Sales,Senior Sales Consultant,7,17,44205,2013-04-24
EMP0326,Aishwarya Banerjee,DLR109,Sales,Sales Executive,3,12,22615,2014-03-31
EMP0327,Rohan Nair,DLR109,Service,Service Advisor,6,47,32189,2024-11-29
EMP0328,Swati Joshi,DLR110,Sales,Senior Sales Consultant,6,19,42751,2025-04-15
EMP0329,Abhishek Pillai,DLR110,Sales,Sales Executive,1,14,29300,2024-08-22
EMP0330,Pranav Pandey,DLR110,Service,Service Advisor,5,55,35127,2015-12-09
EMP0331,Deepak Verma,DLR111,Sales,Senior Sales Consultant,7,20,35653,2023-10-22
EMP0332,Yash Gowda,DLR111,Sales,Sales Executive,2,11,25582,2015-12-24
EMP0333,Riya Verma,DLR111,Service,Service Advisor,2,49,44222,2015-03-06
EMP0334,Deepika Joshi,DLR112,Sales,Senior Sales Consultant,5,22,58086,2020-11-14
EMP0335,Yash Menon,DLR112,Sales,Sales Executive,3,11,22580,2021-10-18
EMP0336,Aishwarya Shetty,DLR112,Service,Service Advisor,4,49,43414,2020-01-02
EMP0337,Nikhil Kulkarni,DLR113,Sales,Senior Sales Consultant,8,21,39172,2015-12-26
EMP0338,Harish Mishra,DLR113,Sales,Sales Executive,5,9,22983,2019-02-19
EMP0339,Preeti Rao,DLR113,Service,Service Advisor,7,48,41258,2015-02-26
EMP0340,Arjun Rao,DLR114,Sales,Senior Sales Consultant,9,22,40501,2013-12-27
EMP0341,Shreya Shetty,DLR114,Sales,Sales Executive,3,16,20186,2017-12-12
EMP0342,Arjun Joshi,DLR114,Service,Service Advisor,4,48,25041,2013-01-29
EMP0343,Lokesh Patel,DLR115,Sales,Senior Sales Consultant,10,24,47409,2019-11-17
EMP0344,Dev Das,DLR115,Sales,Sales Executive,5,12,22664,2022-02-13
EMP0345,Amit Menon,DLR115,Service,Service Advisor,2,52,33556,2014-05-07
EMP0346,Manish Kulkarni,DLR116,Sales,Senior Sales Consultant,6,18,52925,2014-02-01
EMP0347,Ramesh Shah,DLR116,Sales,Sales Executive,1,15,30709,2015-09-13
EMP0348,Manoj Patel,DLR116,Service,Service Advisor,2,48,35849,2016-08-10
EMP0349,Tanvi Shah,DLR117,Sales,Senior Sales Consultant,12,25,43692,2018-04-25
EMP0350,Dev Verma,DLR117,Sales,Sales Executive,4,17,33760,2023-01-04
EMP0351,Ashok Sharma,DLR117,Service,Service Advisor,5,48,34651,2022-10-09
EMP0352,Aditya Reddy,DLR118,Sales,Senior Sales Consultant,6,21,37684,2022-08-15
EMP0353,Ritu Pandey,DLR118,Sales,Sales Executive,4,16,28013,2017-12-10
EMP0354,Dinesh Patel,DLR118,Service,Service Advisor,4,53,37104,2016-03-08
EMP0355,Sachin Chowdhury,DLR119,Sales,Senior Sales Consultant,11,21,42413,2018-01-09
EMP0356,Karthik Mishra,DLR119,Sales,Sales Executive,1,10,30946,2019-09-17
EMP0357,Tanvi Mishra,DLR119,Service,Service Advisor,6,50,43140,2013-05-14
EMP0358,Deepika Deshmukh,DLR120,Sales,Senior Sales Consultant,12,24,53766,2017-04-14
EMP0359,Deepak Kulkarni,DLR120,Sales,Sales Executive,1,17,29358,2023-08-04
EMP0360,Shreya Gowda,DLR120,Service,Service Advisor,3,48,39714,2015-11-17
EMP0361,Meera Reddy,DLR121,Sales,Senior Sales Consultant,7,19,36398,2021-06-30
EMP0362,Manoj Reddy,DLR121,Sales,Sales Executive,2,13,25238,2013-07-02
EMP0363,Harish Bhat,DLR121,Service,Service Advisor,4,51,42029,2022-04-11
EMP0364,Ananya Pandey,DLR122,Sales,Senior Sales Consultant,12,23,38687,2021-04-18
EMP0365,Dev Singh,DLR122,Sales,Sales Executive,5,10,32873,2018-06-01
EMP0366,Sneha Deshmukh,DLR122,Service,Service Advisor,4,53,40911,2024-10-30
EMP0367,Amit Patel,DLR123,Sales,Senior Sales Consultant,8,23,39713,2021-01-03
EMP0368,Yash Shah,DLR123,Sales,Sales Executive,2,9,32218,2022-08-28
EMP0369,Sneha Sharma,DLR123,Service,Service Advisor,4,51,35189,2018-04-15
EMP0370,Sunita Mehta,DLR124,Sales,Senior Sales Consultant,5,20,39403,2018-09-27
EMP0371,Pooja Mishra,DLR124,Sales,Sales Executive,3,13,31940,2021-05-07
EMP0372,Deepak Reddy,DLR124,Service,Service Advisor,5,50,38342,2022-11-12
EMP0373,Sneha Verma,DLR125,Sales,Senior Sales Consultant,12,19,37150,2018-12-23
EMP0374,Harish Kumar,DLR125,Sales,Sales Executive,5,9,22846,2016-04-28
EMP0375,Neha Verma,DLR125,Service,Service Advisor,3,47,39956,2013-02-18
EMP0376,Sunita Reddy,DLR126,Sales,Senior Sales Consultant,8,22,50211,2023-04-30
EMP0377,Ganesh Mehta,DLR126,Sales,Sales Executive,1,12,26102,2022-12-18
EMP0378,Nikhil Das,DLR126,Service,Service Advisor,6,55,36460,2019-09-21
EMP0379,Sachin Agarwal,DLR127,Sales,Senior Sales Consultant,5,21,35899,2020-09-01
EMP0380,Rahul Rao,DLR127,Sales,Sales Executive,2,12,24408,2021-03-08
EMP0381,Aarav Das,DLR127,Service,Service Advisor,3,49,44698,2012-03-10
EMP0382,Vikram Shah,DLR128,Sales,Senior Sales Consultant,8,23,47336,2019-10-27
EMP0383,Rahul Chowdhury,DLR128,Sales,Sales Executive,3,17,33505,2020-11-27
EMP0384,Aarav Banerjee,DLR128,Service,Service Advisor,7,52,43397,2025-04-26
EMP0385,Vikram Mehta,DLR129,Sales,Senior Sales Consultant,5,24,37091,2019-07-17
EMP0386,Radhika Iyer,DLR129,Sales,Sales Executive,3,13,30749,2018-09-13
EMP0387,Rohan Verma,DLR129,Service,Service Advisor,8,53,35472,2015-02-20
EMP0388,Suresh Menon,DLR130,Sales,Senior Sales Consultant,8,23,48257,2020-09-15
EMP0389,Pranav Iyer,DLR130,Sales,Sales Executive,2,17,30458,2022-09-02
EMP0390,Shreya Joshi,DLR130,Service,Service Advisor,6,51,30570,2024-07-09
EMP0391,Dev Das,DLR131,Sales,Senior Sales Consultant,6,21,58762,2024-07-15
EMP0392,Meera Mehta,DLR131,Sales,Sales Executive,3,10,23641,2019-12-20
EMP0393,Vikram Deshmukh,DLR131,Service,Service Advisor,8,52,37179,2017-11-04
EMP0394,Prakash Singh,DLR132,Sales,Senior Sales Consultant,11,17,55787,2025-02-01
EMP0395,Arjun Das,DLR132,Sales,Sales Executive,2,17,21963,2020-07-23
EMP0396,Lokesh Verma,DLR132,Service,Service Advisor,8,49,29501,2016-06-28
EMP0397,Prakash Kumar,DLR133,Sales,Senior Sales Consultant,9,19,37648,2022-12-08
EMP0398,Nikhil Iyer,DLR133,Sales,Sales Executive,1,9,27406,2018-02-18
EMP0399,Manish Pillai,DLR133,Service,Service Advisor,8,49,41042,2013-12-22
EMP0400,Manoj Shetty,DLR134,Sales,Senior Sales Consultant,10,23,49058,2022-09-15
EMP0401,Amit Bhat,DLR134,Sales,Sales Executive,2,14,20230,2019-03-24
EMP0402,Deepika Reddy,DLR134,Service,Service Advisor,2,47,33153,2017-01-27
EMP0403,Abhishek Menon,DLR135,Sales,Senior Sales Consultant,6,18,47568,2023-04-16
EMP0404,Manish Gupta,DLR135,Sales,Sales Executive,1,13,24764,2022-03-23
EMP0405,Yash Deshmukh,DLR135,Service,Service Advisor,7,49,36230,2022-12-29
EMP0406,Pranav Patel,DLR136,Sales,Senior Sales Consultant,10,17,42484,2017-01-11
EMP0407,Karan Reddy,DLR136,Sales,Sales Executive,1,17,22768,2014-10-05
EMP0408,Amit Kulkarni,DLR136,Service,Service Advisor,7,51,42522,2013-02-02
EMP0409,Anand Mehta,DLR137,Sales,Senior Sales Consultant,5,17,36580,2014-08-06
EMP0410,Dinesh Singh,DLR137,Sales,Sales Executive,5,13,27772,2015-06-08
EMP0411,Aarav Menon,DLR137,Service,Service Advisor,5,48,42049,2018-01-20
EMP0412,Karan Deshmukh,DLR138,Sales,Senior Sales Consultant,5,25,58552,2014-08-22
EMP0413,Dev Das,DLR138,Sales,Sales Executive,2,12,32746,2017-11-24
EMP0414,Neha Joshi,DLR138,Service,Service Advisor,7,53,34678,2015-08-06
EMP0415,Suresh Reddy,DLR139,Sales,Senior Sales Consultant,11,22,42684,2012-01-23
EMP0416,Deepak Singh,DLR139,Sales,Sales Executive,5,16,22443,2014-01-07
EMP0417,Divya Agarwal,DLR139,Service,Service Advisor,7,48,33385,2017-03-08
EMP0418,Siddharth Nair,DLR140,Sales,Senior Sales Consultant,11,17,38270,2015-12-02
EMP0419,Ritu Joshi,DLR140,Sales,Sales Executive,3,15,32100,2014-08-07
EMP0420,Amit Sharma,DLR140,Service,Service Advisor,8,49,30587,2019-05-16
EMP0421,Naveen Gowda,DLR141,Sales,Senior Sales Consultant,8,18,47210,2019-09-08
EMP0422,Harish Kulkarni,DLR141,Sales,Sales Executive,4,13,33692,2020-08-25
EMP0423,Ramesh Pandey,DLR141,Service,Service Advisor,5,49,28704,2014-12-21
EMP0424,Anand Patel,DLR142,Sales,Senior Sales Consultant,5,23,54357,2022-10-29
EMP0425,Shreya Chowdhury,DLR142,Sales,Sales Executive,2,15,32765,2020-01-16
EMP0426,Karan Das,DLR142,Service,Service Advisor,5,48,38476,2021-11-19
EMP0427,Sachin Shetty,DLR143,Sales,Senior Sales Consultant,9,17,58087,2023-10-09
EMP0428,Nidhi Agarwal,DLR143,Sales,Sales Executive,5,12,30974,2019-08-03
EMP0429,Dev Deshmukh,DLR143,Service,Service Advisor,7,50,40791,2019-10-03
EMP0430,Dinesh Kumar,DLR144,Sales,Senior Sales Consultant,12,17,35381,2015-07-09
EMP0431,Ramesh Das,DLR144,Sales,Sales Executive,2,10,32311,2023-01-10
EMP0432,Yash Nair,DLR144,Service,Service Advisor,2,55,32297,2024-05-06
EMP0433,Harish Rao,DLR145,Sales,Senior Sales Consultant,5,24,49555,2024-11-07
EMP0434,Suresh Chowdhury,DLR145,Sales,Sales Executive,3,10,28148,2012-05-25
EMP0435,Lokesh Verma,DLR145,Service,Service Advisor,6,55,25005,2014-01-14
EMP0436,Preeti Shetty,DLR146,Sales,Senior Sales Consultant,8,25,53426,2016-08-21
EMP0437,Prakash Iyer,DLR146,Sales,Sales Executive,3,9,33378,2016-12-31
EMP0438,Riya Bhat,DLR146,Service,Service Advisor,8,54,36904,2022-02-24
EMP0439,Rajesh Sharma,DLR147,Sales,Senior Sales Consultant,9,22,55763,2018-07-19
EMP0440,Ashok Shah,DLR147,Sales,Sales Executive,1,9,34694,2015-09-06
EMP0441,Lokesh Singh,DLR147,Service,Service Advisor,4,50,31145,2014-09-16
EMP0442,Swati Reddy,DLR148,Sales,Senior Sales Consultant,11,20,58487,2019-07-31
EMP0443,Lokesh Verma,DLR148,Sales,Sales Executive,5,10,32650,2022-02-07
EMP0444,Vijay Kumar,DLR148,Service,Service Advisor,5,47,42378,2013-02-01
EMP0445,Manoj Pillai,DLR149,Sales,Senior Sales Consultant,11,25,40806,2024-12-22
EMP0446,Karan Singh,DLR149,Sales,Sales Executive,4,14,28259,2020-08-17
EMP0447,Rohan Nair,DLR149,Service,Service Advisor,5,52,34639,2022-02-26
EMP0448,Kavya Deshmukh,DLR150,Sales,Senior Sales Consultant,12,21,57986,2024-04-14
EMP0449,Sunita Agarwal,DLR150,Sales,Sales Executive,5,12,23291,2016-09-13
EMP0450,Siddharth Mehta,DLR150,Service,Service Advisor,4,49,30826,2023-04-20
EMP0451,Vivek Shah,DLR151,Sales,Senior Sales Consultant,5,22,53424,2022-10-10
EMP0452,Lokesh Mehta,DLR151,Sales,Sales Executive,5,13,34376,2021-06-22
EMP0453,Deepika Singh,DLR151,Service,Service Advisor,2,53,29762,2013-03-10
EMP0454,Pranav Nair,DLR152,Sales,Senior Sales Consultant,6,21,57393,2017-08-14
EMP0455,Anand Shah,DLR152,Sales,Sales Executive,3,12,32346,2024-02-20
EMP0456,Naveen Singh,DLR152,Service,Service Advisor,6,55,32350,2024-08-02
EMP0457,Vijay Pandey,DLR153,Sales,Senior Sales Consultant,8,17,47503,2020-09-09
EMP0458,Vivek Bhat,DLR153,Sales,Sales Executive,1,9,32184,2017-08-20
EMP0459,Naveen Rao,DLR153,Service,Service Advisor,7,52,44280,2024-04-04
EMP0460,Pranav Mishra,DLR154,Sales,Senior Sales Consultant,7,21,49706,2015-12-24
EMP0461,Divya Patel,DLR154,Sales,Sales Executive,2,17,21955,2020-06-17
EMP0462,Sanjay Bhat,DLR154,Service,Service Advisor,4,49,30273,2025-02-05
EMP0463,Ananya Iyer,DLR155,Sales,Senior Sales Consultant,11,19,36308,2015-06-13
EMP0464,Preeti Verma,DLR155,Sales,Sales Executive,5,13,28037,2024-11-04
EMP0465,Arjun Pandey,DLR155,Service,Service Advisor,7,52,42216,2016-12-06
EMP0466,Deepika Gupta,DLR156,Sales,Senior Sales Consultant,12,19,48629,2024-03-06
EMP0467,Deepak Joshi,DLR156,Sales,Sales Executive,2,12,30868,2019-06-11
EMP0468,Siddharth Reddy,DLR156,Service,Service Advisor,8,55,40560,2024-08-03
EMP0469,Radhika Sharma,DLR157,Sales,Senior Sales Consultant,5,22,49603,2017-05-22
EMP0470,Preeti Gowda,DLR157,Sales,Sales Executive,2,9,31182,2019-03-14
EMP0471,Ganesh Kulkarni,DLR157,Service,Service Advisor,4,55,34267,2012-07-21
EMP0472,Sneha Banerjee,DLR158,Sales,Senior Sales Consultant,12,24,50951,2012-12-25
EMP0473,Pranav Iyer,DLR158,Sales,Sales Executive,5,10,21572,2015-10-03
EMP0474,Lakshmi Bhat,DLR158,Service,Service Advisor,2,48,31906,2016-10-12
EMP0475,Tanvi Singh,DLR159,Sales,Senior Sales Consultant,7,25,58027,2021-10-05
EMP0476,Arjun Agarwal,DLR159,Sales,Sales Executive,2,9,27523,2019-06-10
EMP0477,Arjun Verma,DLR159,Service,Service Advisor,3,51,43287,2013-07-31
EMP0478,Rajesh Nair,DLR160,Sales,Senior Sales Consultant,10,23,49782,2021-01-26
EMP0479,Aditya Kulkarni,DLR160,Sales,Sales Executive,1,17,20096,2013-06-02
EMP0480,Nidhi Verma,DLR160,Service,Service Advisor,7,48,36721,2023-04-12
EMP0481,Vikram Gowda,DLR161,Sales,Senior Sales Consultant,5,21,49341,2020-07-21
EMP0482,Aditya Das,DLR161,Sales,Sales Executive,2,17,23602,2015-01-22
EMP0483,Siddharth Shetty,DLR161,Service,Service Advisor,3,51,37226,2012-04-01
EMP0484,Karthik Singh,DLR162,Sales,Senior Sales Consultant,4,17,53766,2025-05-19
EMP0485,Deepak Menon,DLR162,Sales,Sales Executive,2,14,23469,2021-04-03
EMP0486,Deepika Kumar,DLR162,Service,Service Advisor,3,49,32234,2017-09-01
EMP0487,Nikhil Mehta,DLR163,Sales,Senior Sales Consultant,4,25,50114,2024-04-29
EMP0488,Arjun Nair,DLR163,Sales,Sales Executive,1,12,31888,2025-01-08
EMP0489,Yash Joshi,DLR163,Service,Service Advisor,3,50,28278,2018-05-24
EMP0490,Pranav Iyer,DLR164,Sales,Senior Sales Consultant,11,24,45759,2018-11-09
EMP0491,Karthik Pillai,DLR164,Sales,Sales Executive,5,14,33233,2019-02-04
EMP0492,Meera Sharma,DLR164,Service,Service Advisor,4,50,32258,2021-10-12
EMP0493,Ashok Kumar,DLR165,Sales,Senior Sales Consultant,9,24,50166,2021-12-27
EMP0494,Vikram Das,DLR165,Sales,Sales Executive,5,10,22879,2013-11-02
EMP0495,Kavya Bhat,DLR165,Service,Service Advisor,3,51,27505,2013-09-09
EMP0496,Deepika Shetty,DLR166,Sales,Senior Sales Consultant,4,23,54334,2016-10-08
EMP0497,Lakshmi Nair,DLR166,Sales,Sales Executive,5,17,27734,2015-05-02
EMP0498,Rajesh Mishra,DLR166,Service,Service Advisor,6,51,29387,2022-06-03
EMP0499,Deepak Kulkarni,DLR167,Sales,Senior Sales Consultant,9,25,35347,2017-05-10
EMP0500,Preeti Mehta,DLR167,Sales,Sales Executive,2,17,22299,2022-01-03
EMP0501,Karthik Agarwal,DLR167,Service,Service Advisor,7,54,36757,2012-11-27
EMP0502,Suresh Rao,DLR168,Sales,Senior Sales Consultant,5,21,47105,2017-04-01
EMP0503,Rahul Banerjee,DLR168,Sales,Sales Executive,3,15,27695,2022-03-13
EMP0504,Anita Shetty,DLR168,Service,Service Advisor,4,48,42084,2018-02-18
EMP0505,Priya Pillai,DLR169,Sales,Senior Sales Consultant,12,19,47342,2020-06-27
EMP0506,Arjun Banerjee,DLR169,Sales,Sales Executive,3,15,34864,2016-12-30
EMP0507,Abhishek Joshi,DLR169,Service,Service Advisor,5,54,44798,2012-02-24
EMP0508,Karan Chowdhury,DLR170,Sales,Senior Sales Consultant,6,20,37526,2023-07-17
EMP0509,Rahul Kumar,DLR170,Sales,Sales Executive,2,11,25934,2014-08-27
EMP0510,Lokesh Pandey,DLR170,Service,Service Advisor,4,48,40778,2022-09-27
EMP0511,Manish Shetty,DLR171,Sales,Senior Sales Consultant,10,17,42984,2012-12-19
EMP0512,Manish Kumar,DLR171,Sales,Sales Executive,5,9,34594,2024-11-01
EMP0513,Manish Nair,DLR171,Service,Service Advisor,3,55,38285,2024-08-22
EMP0514,Siddharth Gupta,DLR172,Sales,Senior Sales Consultant,7,24,54874,2022-07-28
EMP0515,Meera Rao,DLR172,Sales,Sales Executive,4,11,33018,2025-01-25
EMP0516,Meera Gowda,DLR172,Service,Service Advisor,7,55,33667,2015-10-05
EMP0517,Yash Chowdhury,DLR173,Sales,Senior Sales Consultant,5,20,47393,2020-08-23
EMP0518,Aditya Reddy,DLR173,Sales,Sales Executive,5,17,31212,2021-05-31
EMP0519,Preeti Singh,DLR173,Service,Service Advisor,3,54,44654,2012-11-15
EMP0520,Lakshmi Banerjee,DLR174,Sales,Senior Sales Consultant,5,18,50802,2014-12-03
EMP0521,Lakshmi Sharma,DLR174,Sales,Sales Executive,4,17,26892,2020-04-22
EMP0522,Sunita Banerjee,DLR174,Service,Service Advisor,5,50,40798,2020-07-20
EMP0523,Dev Deshmukh,DLR175,Sales,Senior Sales Consultant,6,21,50634,2017-03-19
EMP0524,Divya Menon,DLR175,Sales,Sales Executive,5,17,26695,2017-10-12
EMP0525,Aarav Pillai,DLR175,Service,Service Advisor,6,48,42031,2012-02-28
EMP0526,Rahul Shah,DLR176,Sales,Senior Sales Consultant,9,23,46870,2014-05-23
EMP0527,Sachin Nair,DLR176,Sales,Sales Executive,5,15,29251,2020-03-14
EMP0528,Harish Mishra,DLR176,Service,Service Advisor,3,53,43091,2024-07-03
EMP0529,Ashok Bhat,DLR177,Sales,Senior Sales Consultant,12,24,43315,2018-11-17
EMP0530,Harish Agarwal,DLR177,Sales,Sales Executive,2,10,32252,2017-02-25
EMP0531,Manish Singh,DLR177,Service,Service Advisor,3,55,38125,2019-08-04
EMP0532,Preeti Shah,DLR178,Sales,Senior Sales Consultant,4,19,47750,2012-02-13
EMP0533,Kavya Das,DLR178,Sales,Sales Executive,5,15,21444,2013-06-08
EMP0534,Ashok Gupta,DLR178,Service,Service Advisor,6,47,37593,2020-12-26
EMP0535,Siddharth Shah,DLR179,Sales,Senior Sales Consultant,4,19,55981,2023-02-01
EMP0536,Pranav Mehta,DLR179,Sales,Sales Executive,5,13,23190,2012-10-02
EMP0537,Deepika Banerjee,DLR179,Service,Service Advisor,7,50,30553,2012-10-22
EMP0538,Aarav Patel,DLR180,Sales,Senior Sales Consultant,5,21,48088,2019-12-02
EMP0539,Harish Pillai,DLR180,Sales,Sales Executive,2,17,20251,2013-07-16
EMP0540,Lakshmi Menon,DLR180,Service,Service Advisor,7,55,44101,2019-10-22
EMP0541,Sanjay Rao,DLR181,Sales,Senior Sales Consultant,7,24,48236,2024-11-22
EMP0542,Nikhil Deshmukh,DLR181,Sales,Sales Executive,5,10,29152,2013-08-15
EMP0543,Yash Singh,DLR181,Service,Service Advisor,8,55,33444,2024-01-24
EMP0544,Nidhi Nair,DLR182,Sales,Senior Sales Consultant,11,23,53453,2022-11-05
EMP0545,Riya Mishra,DLR182,Sales,Sales Executive,4,16,34688,2025-02-28
EMP0546,Aishwarya Singh,DLR182,Service,Service Advisor,4,48,37539,2016-12-10
EMP0547,Rajesh Pandey,DLR183,Sales,Senior Sales Consultant,9,23,46570,2023-08-02
EMP0548,Sachin Rao,DLR183,Sales,Sales Executive,3,10,26536,2019-09-02
EMP0549,Nikhil Das,DLR183,Service,Service Advisor,4,52,32161,2024-11-12
EMP0550,Pranav Das,DLR184,Sales,Senior Sales Consultant,7,20,59098,2017-06-05
EMP0551,Neha Rao,DLR184,Sales,Sales Executive,2,12,33702,2019-12-26
EMP0552,Dev Singh,DLR184,Service,Service Advisor,2,54,25217,2024-02-22
EMP0553,Aishwarya Joshi,DLR185,Sales,Senior Sales Consultant,9,24,53825,2018-02-28
EMP0554,Vijay Nair,DLR185,Sales,Sales Executive,4,12,32290,2024-12-07
EMP0555,Manoj Das,DLR185,Service,Service Advisor,6,47,41465,2019-10-15
EMP0556,Nikhil Chowdhury,DLR186,Sales,Senior Sales Consultant,5,25,50075,2019-01-29
EMP0557,Aarav Mehta,DLR186,Sales,Sales Executive,2,15,29519,2014-04-05
EMP0558,Sachin Patel,DLR186,Service,Service Advisor,6,51,32770,2018-01-15
EMP0559,Yash Joshi,DLR187,Sales,Senior Sales Consultant,6,24,48891,2016-09-20
EMP0560,Ashok Joshi,DLR187,Sales,Sales Executive,4,13,27384,2016-01-13
EMP0561,Rajesh Singh,DLR187,Service,Service Advisor,7,51,32726,2024-06-15
EMP0562,Dinesh Reddy,DLR188,Sales,Senior Sales Consultant,6,19,50498,2012-03-20
EMP0563,Suresh Kumar,DLR188,Sales,Sales Executive,5,17,31805,2019-01-30
EMP0564,Ritu Nair,DLR188,Service,Service Advisor,6,47,38054,2014-03-21
EMP0565,Anand Reddy,DLR189,Sales,Senior Sales Consultant,8,24,55639,2014-02-27
EMP0566,Yash Nair,DLR189,Sales,Sales Executive,3,14,29180,2024-07-02
EMP0567,Priya Joshi,DLR189,Service,Service Advisor,2,53,28972,2019-11-16
EMP0568,Preeti Reddy,DLR190,Sales,Senior Sales Consultant,12,19,44326,2019-12-19
EMP0569,Vijay Das,DLR190,Sales,Sales Executive,4,10,26243,2018-06-05
EMP0570,Karthik Patel,DLR190,Service,Service Advisor,7,52,38822,2024-10-26
EMP0571,Arjun Gupta,DLR191,Sales,Senior Sales Consultant,6,22,42478,2019-01-12
EMP0572,Siddharth Shah,DLR191,Sales,Sales Executive,3,15,24444,2021-12-23
EMP0573,Sneha Agarwal,DLR191,Service,Service Advisor,6,55,39755,2021-04-14
EMP0574,Aditya Kumar,DLR192,Sales,Senior Sales Consultant,7,21,59375,2013-10-17
EMP0575,Harish Singh,DLR192,Sales,Sales Executive,1,10,34396,2022-08-12
EMP0576,Aditya Mishra,DLR192,Service,Service Advisor,5,55,27727,2014-05-01
EMP0577,Karthik Gupta,DLR193,Sales,Senior Sales Consultant,10,21,42515,2017-07-19
EMP0578,Naveen Shetty,DLR193,Sales,Sales Executive,2,11,28630,2015-10-29
EMP0579,Abhishek Iyer,DLR193,Service,Service Advisor,8,54,40308,2024-02-15
EMP0580,Lakshmi Chowdhury,DLR194,Sales,Senior Sales Consultant,6,25,40801,2025-04-02
EMP0581,Manoj Banerjee,DLR194,Sales,Sales Executive,5,13,34891,2019-10-15
EMP0582,Rajesh Pandey,DLR194,Service,Service Advisor,2,54,35088,2020-03-15
EMP0583,Karthik Menon,DLR195,Sales,Senior Sales Consultant,4,17,52148,2015-01-21
EMP0584,Ramesh Bhat,DLR195,Sales,Sales Executive,1,16,32377,2022-09-13
EMP0585,Manoj Pandey,DLR195,Service,Service Advisor,4,50,25236,2024-04-17
EMP0586,Lokesh Bhat,DLR196,Sales,Senior Sales Consultant,10,23,43188,2015-08-30
EMP0587,Dinesh Kulkarni,DLR196,Sales,Sales Executive,2,13,21297,2021-06-20
EMP0588,Sanjay Menon,DLR196,Service,Service Advisor,7,55,33808,2021-04-05
EMP0589,Arjun Patel,DLR197,Sales,Senior Sales Consultant,6,21,38616,2022-03-19
EMP0590,Sanjay Shah,DLR197,Sales,Sales Executive,5,16,23076,2019-03-11
EMP0591,Anand Bhat,DLR197,Service,Service Advisor,2,49,28351,2018-04-30
EMP0592,Naveen Agarwal,DLR198,Sales,Senior Sales Consultant,4,20,37955,2015-05-19
EMP0593,Rahul Iyer,DLR198,Sales,Sales Executive,4,13,32873,2023-03-06
EMP0594,Pooja Shah,DLR198,Service,Service Advisor,8,47,35821,2013-10-19
EMP0595,Kavya Verma,DLR199,Sales,Senior Sales Consultant,8,23,37339,2024-03-07
EMP0596,Pranav Nair,DLR199,Sales,Sales Executive,4,9,21998,2017-08-01
EMP0597,Naveen Rao,DLR199,Service,Service Advisor,7,47,31526,2022-05-03
EMP0598,Dev Banerjee,DLR200,Sales,Senior Sales Consultant,7,24,47750,2018-12-31
EMP0599,Meera Shetty,DLR200,Sales,Sales Executive,1,17,28534,2014-09-27
EMP0600,Vikram Reddy,DLR200,Service,Service Advisor,4,47,32136,2014-07-14
